huc8,tnmid,metasourceid,sourcedatadesc,sourceoriginator,loaddate,areaacres,areasqkm,states,name,globalid,shape_Length,shape_Area,__index_level_0__,1991,1992,1993,1994,1995,1996,1997,1998,1999,2000,2001,2002,2003,2004,2005,2006,2007,2008,2009,2010,2011,2012,2013,2014,2015,2016,2017,2018,2019,2020
15050202,{21A6AE9C-8C85-4578-AE5A-368093D0E9E5},,,,2012-06-11 07:54:57,1587400.21,6423.99,"AZ,MX",Upper San Pedro,{D260CF32-F451-43CF-B63B-37F56EEC9A02},5.472282818182448,0.610343158977322,434,288.57992936469225,289.02656545078315,289.32135998614007,289.834701925223,289.41494124367415,290.4082903472025,289.75932164995345,288.58182550118147,289.31488080192975,290.0980792174934,288.82329973437095,289.7231701622005,289.4919314251758,289.22789587270523,289.30733644487617,289.7063847293202,289.4269490504232,289.2311881060798,290.0288473318333,288.59133304629114,289.50336963283195,289.50079796319613,289.9182896248241,289.92929177341625,290.1037438487078,289.4706317741169,290.393434541354,291.08035911785686,288.99616741767085,290.2129807930586
15080102,{568424D6-AAD7-4741-BEF8-CC7DFC5DDDB0},,,,2012-06-11 07:54:57,3060043.61,12383.57,"AZ,MX",Rio Sonoyta,{3233D141-D4E2-4530-BBE3-1D174E205DD0},6.2298301424074864,1.1750518392739016,435,294.4668033980994,295.3861844143733,294.6794442766823,295.23046691638297,294.62142367281865,295.8977901650747,295.49312185677667,294.43901776679843,294.6457300240208,295.9675341274371,295.02263166997045,295.51300035302086,295.32149481188515,295.23945370861327,294.643788628804,295.08160457339955,294.81310042401293,294.59934341194685,295.39700853808927,294.3995314350694,294.6911577782789,294.7684608046191,295.7691394872013,296.57617139023125,296.976462918133,296.0658888307991,296.5155280304094,296.6761029010373,294.8768801730494,295.9781596095082
14080106,{D1677351-E56E-4D3E-83F2-6FCBC192BA92},,,,2012-06-11 07:54:57,2927136.55,11845.71,"AZ,NM",Chaco,{AC5AE26D-51AE-4B94-BD10-642E9AB4CB61},6.789478660725958,1.1855913319521034,607,282.3194114967573,282.98509547066317,282.70920206546305,283.17306573297003,283.27451255307926,284.0557885790401,283.22906150523016,282.93377539016245,283.1323253797606,284.27652383986276,283.32670830815465,283.73364406650575,283.75992362444555,283.5211017529385,283.490763435321,283.40813100098705,283.3939628017078,282.72267541133306,283.36544679459865,282.39976961803427,283.24410573150726,283.90406754096426,283.22949479396215,283.1910860797111,283.8264582051062,283.95465296799176,285.11968533627464,285.76426378537803,283.8439274730196,284.89942843234854
15020003,{235091EF-6669-4A64-BA91-64627FEDEA28},,,,2012-06-11 07:54:57,1446077.4,5852.07,"AZ,NM",Carrizo Wash,{9644B821-2D0F-4609-A1DB-7431F16EAF51},4.734427139379416,0.5735119406261815,609,281.24508472162984,281.7325785864297,282.03374084349684,282.2854520732562,282.24834126918256,283.16755851180534,282.36838034747547,281.4289302070521,282.0501054333603,282.8606546494989,282.15484698056883,282.5699273073562,282.4878968537334,282.3430991760146,282.51298932354365,282.32912580791987,281.9728817451191,281.8856551907655,282.2881574713343,281.2508192168564,281.9039434529813,282.2160672808048,281.7364751355033,281.7857396194275,282.882298584228,283.184509474032,284.6024085864344,285.1684975718686,283.1841740911206,284.2843885627416
15020004,{26DFDAF3-F10C-424A-8FF7-433F1B7FCE00},,,,2021-01-21 14:27:13,1707350.17,6909.41,"AZ,NM",Zuni,{E606D6E7-1604-4177-9048-A005D43020B5},5.1166502590093845,0.6817553761627198,610,281.69803278394835,282.2457161770228,282.1641110639799,282.57295534830814,282.52045126186476,283.3517056829154,282.746729354488,282.0208421848177,282.64955278035956,283.67913772284214,282.6113086070938,283.0661840512003,283.00616839980285,282.8175426754232,282.87502039756305,282.5982818497146,281.9450890235152,282.0777371746796,282.5164853593134,281.0685011964099,281.48384273849615,282.48372048178555,282.2526343325175,282.2347256566067,283.2010281011851,283.44755044751037,284.5721847312383,284.91815108222056,283.34682828158697,284.40498571108014
15040002,{89233D54-146D-4110-8DE8-516DD7B99C2E},,,,2012-06-11 07:54:57,1310977.35,5305.34,"AZ,NM",Upper Gila-Mangas,{939CCC84-0931-4B34-853B-2BFF8E022644},4.442041925980159,0.5109003833655223,622,286.34189058926273,286.7500155951914,287.17182841924034,287.46723882383844,287.12387842852763,287.8267028575415,287.0585366928756,286.2473590652635,287.1391793910035,288.02793082688066,286.9764737523076,287.6641417268618,287.74634367505683,287.2293304228103,287.2156859780068,287.52255207854984,287.3688388683445,286.9920713063933,287.6281233741952,286.6297930804229,287.17336560134476,287.3286945333741,287.04283437374113,287.37132932336516,287.6381140618766,288.00621389811675,289.14094222441815,289.90806820449274,288.12230569240364,289.12845309544383
15080200,{A078F6A3-1492-4880-AB0B-556324E832FA},{566E7651-2594-4C85-AE09-DB338B355F62},3D Elevation Product 1/3 Arc-second 1 x 1 degree ArcGrid,U.S. Geological Survey,2021-06-30 16:15:49,6358139.58,25730.5,"AZ,MX",Rio De La Concepcion,{4FA80659-5CEF-4389-8ED8-254D82766EC2},10.602048669164493,2.423928430673097,719,292.2652387244242,292.9864728216281,292.48612632876757,293.1621139087145,292.46543352746323,293.84767519480937,293.4683429696025,292.09352349133025,292.509987766987,293.34178003643547,292.2876410524958,293.0777713064735,292.9709277180519,292.8661460502268,292.68696751835716,293.1554334275926,293.0222138058953,292.7149287911962,293.5272043913783,292.53889331978655,292.9707264483714,293.0598772253664,293.7790046531002,294.3369888621803,294.5169650527024,294.3432729585562,295.0912773906227,295.5094016460863,293.34904808132353,294.3335460995437
15020006,{632550B8-E9F8-45AF-AB7D-AF10E5BAA921},,,,2012-06-11 07:54:57,1223477.44,4951.24,"AZ,NM",Upper Puerco,{146553E1-902E-4170-90E1-2C673F344BF7},5.0252843134196485,0.4921341802626698,720,281.46263421716293,281.8149537714983,281.48539058520885,281.91260482133487,281.85493781588735,282.58344957835754,281.97551185667413,281.41858862271533,281.7378096243458,283.0063916956953,281.95948681913734,282.3068050073439,282.28059982020903,282.02393536775674,282.14871718519225,281.9339066689352,281.8427043032016,281.5261791832696,282.16130984643513,281.2184366802268,281.7110955495937,282.3739149086049,281.93876508004223,281.9239635386875,282.81371620097394,282.68495113502416,283.770131229048,284.47819077193293,282.47853094042483,283.71529126814943
15040004,{C0E1995D-1839-4D00-8985-8EB62BA2B736},,,,2012-06-11 07:54:57,1793336.54,7257.38,"AZ,NM",San Francisco,{ACF8ABFC-53A0-418F-B3EA-EF5EF5985A7E},5.581778210817803,0.704611145219486,721,282.37832674991716,282.7598118116724,282.88047601168705,283.21444946248334,283.1528973371339,284.0956477463003,283.18408863665286,282.31975206269107,283.4192998920159,284.34378833267345,283.11686943927214,283.8238357759078,283.8327541840631,283.3653104423165,283.3473313535004,283.6332813664904,283.3203464733228,283.1960203689397,283.76321318476323,282.55840660260105,283.65656508974,283.66476814127475,282.94575627724345,283.131862096782,284.00137988056383,284.5812890048468,285.64959845583957,286.69219535357803,284.5986690449444,285.7094915213824
14080204,{BCFFA668-8A9C-47EE-BBA0-A982BDF57B9F},,,,2012-06-11 07:54:57,2623451.7,10616.74,"AZ,NM,UT",Chinle,{E7085953-7165-45BD-8070-C94FB7DD98C8},7.7697508825057415,1.066831382145142,722,282.6194301864473,283.40913141319777,283.42036349875775,284.04750678402445,283.77196764800146,284.84153186971076,283.78025412334296,283.5587029213945,283.70677084909653,285.0150022920104,284.1634024872987,284.5534283303859,284.71013934553645,284.3437202087197,284.2100500899019,284.1994651051743,283.9971477321292,283.2331356169833,283.8906475413694,282.4704753424098,283.45082370072925,284.0222862250332,283.5220523232956,283.5244307407115,284.16685029390936,284.1575723645944,285.46154851290925,285.8262067175518,283.83184620467,284.694225847206
15010006,{DA8A0176-2A6C-41F5-AD95-FFDE023BF841},,,,2012-06-11 07:54:57,597958.24,2419.85,"AZ,NV",Grand Wash,{C59FDC80-EDE2-44E1-87EB-2E50981BA493},2.8623220981539714,0.2433225801614881,723,287.29797725476834,288.85232808172805,288.3237722399254,289.5091264992916,288.9252521110807,289.85634158476336,289.2671312669026,288.066713807036,288.20227341356485,289.95592279714987,289.149759271055,288.85603071231753,289.9788538872828,289.64126538432396,288.6922787157342,289.3234390827766,289.3644933670257,288.58062068367855,289.27764311272733,288.62287033431323,288.4446106663245,289.2948125529171,289.3496780248009,289.4311379574189,290.65250923782526,289.7109944132102,290.2508925545578,290.9904570017695,288.85856237479726,289.90941319736055
14080201,{C163FBED-AB06-4340-A278-B50B7705D53B},,,,2012-06-11 07:54:57,1276408.26,5165.45,"AZ,CO,NM,UT",Lower San Juan-Four Corners,{B4E45BB9-668E-40D6-862C-8B92968C62E1},4.895611947302824,0.524993087768541,724,283.0773973379728,284.4676281629501,283.9131863629768,284.7178285395795,284.3612867193606,285.31793799936514,284.47020200527004,284.57295756693117,284.5869429190828,285.7769240662356,285.0955667885209,285.30705906993643,285.3121471510142,285.09272045968515,285.08667925765116,285.1375333485307,285.15433063929845,284.1582463060962,285.00076798025066,283.53912940722654,284.5404381495536,285.2562037208234,284.6838725245846,284.19447739628197,285.14152363165647,284.75752135467053,285.7041458981411,286.28817370486905,284.05102990534857,284.8927333509249
15010002,{1A0B0282-69CF-4304-A74B-ADA090EB54B4},,,,2012-06-11 07:54:57,1632764.63,6607.57,AZ,Grand Canyon,{20CAF047-97AB-49E1-B2D3-03F7E6C97470},7.509277834123034,0.6614533340380515,1021,285.1772278053251,286.3034552611121,285.67411326526195,286.44908711681313,285.81181596490745,287.0914927413378,286.5068795450338,285.5286644699542,285.62332388550277,287.40086481144084,286.25388529454693,286.699743321032,286.9013101246019,286.73048671263643,286.0525337514012,286.57748008398084,286.7648111353976,285.92460560271746,286.3493885988321,285.55026181815094,285.85304807851486,286.55860321312633,286.3822267638845,286.66746443241647,287.2449950907957,286.8743066320907,287.76135097132277,288.46561550857103,286.2443889649276,287.56826134578284
15010004,{D51204E6-484B-4DBD-8BEA-202CDC301383},,,,2012-06-11 07:54:57,1877756.65,7599.02,AZ,Havasu Canyon,{B0B1CE74-2BCF-4A19-B138-789B14077B70},5.293533930606079,0.7573505821145747,1022,282.3895702197058,283.36441159920236,282.7903495941524,283.36064123937825,282.8449675483671,284.2102873699038,283.64590500313443,282.68778060799633,282.8480480714896,284.5838588161702,283.46561863304606,284.2643613404236,284.0785714942173,284.0168602189753,283.37808406982435,283.85788496608865,283.9947130962547,283.212215378454,283.659753369304,282.7656732755979,283.2714447927773,283.73644518990307,283.45443945164953,284.56368222287125,285.2651369528063,284.33171890048425,284.95826899380586,285.80949297454913,283.61365599637344,284.7256501523215
15010007,{D194D876-BC01-476D-B408-58F1DFCF4567},,,,2012-06-11 07:54:57,905250.56,3663.42,AZ,Red Lake,{27ADA2FA-487F-4ED2-B3A6-186B49ABC674},4.021130842861266,0.3638197638691455,1023,287.30078965546437,288.50026250303597,287.8896669911372,288.8097746519322,288.1564304707647,289.9515802062091,289.30920152996606,287.70500687288774,288.21045381847546,289.89335638450245,288.7045800096954,289.04173076572175,289.0031283428878,288.8862090148454,288.03697619402215,288.9925163812019,289.16966210837325,288.63384241079376,289.02946623911316,287.91124486672237,288.291176378704,288.73941199909143,288.6933459393575,288.914719060236,289.4840881112441,289.2360057327502,289.9387998509116,290.5530004233595,288.7871853305941,289.77550109672217
15010009,{E9A87E72-3349-4269-8D4F-A7B980D4B298},,,,2012-06-11 07:54:57,1069157.13,4326.73,"AZ,UT",Fort Pearce Wash,{2097693D-3853-49C9-9AA5-5ECC0F2B231B},3.953473328282532,0.4365514937698856,1024,284.5757929752531,285.733727206896,285.09044428520417,286.23341904380464,285.45899475817185,286.77588079634813,286.0341349455351,285.0607434231227,284.95138598140585,286.9075544797715,285.81461531677627,285.9828824249226,286.3433657170224,286.2359179100856,285.4124813749819,286.07553180765154,286.2078869555185,285.37620260806995,285.8422480308991,284.9765379673043,284.97629463056774,286.0601601982072,286.0260329348878,285.8912840189872,286.447426056749,286.31795322579393,287.11030800049525,287.6837198214525,285.70069706300916,286.9620269025126
15010014,{8E4D2453-7D10-443C-880A-04E52EB5C866},,,,2012-06-11 07:54:57,443707.76,1795.62,AZ,Detrital Wash,{1AF33FAF-A5A5-4483-8BA3-25B1E5FD8EF7},2.569330170169744,0.17876637868282827,1025,290.0516321376779,291.1235209664813,290.3175122535372,291.4766246126709,290.76234611737925,292.84513837154395,292.127312517586,290.5045643778172,290.9832868304678,292.6833522239934,291.55933622684876,291.76897452050974,291.7009624631345,291.7288956901893,290.6658668413521,291.64275653179817,291.66828004711397,291.38198694937347,291.78909519784503,290.67738321566685,290.94638520081384,291.6250297240332,291.5764271205421,291.6360759527287,292.3067611029323,291.96578140064605,292.86046699362527,293.49763239481024,291.6519010532813,292.6209063558487
15020001,{71DC02F5-D29A-44DD-B537-82027DBB6AEF},,,,2021-01-21 14:27:18,515343.48,2085.52,"AZ,NM",Little Colorado Headwaters,{8DC55941-1DF1-4847-B0A7-46FC353948A9},2.5336533701572597,0.20379366864619114,1026,279.99526798231665,280.58627066935975,280.7489994610033,281.0489796559291,281.03007841299467,281.68526630938896,280.92943968787415,279.9702791980026,280.914399266156,281.71061713712703,280.54861236413007,281.2372687396008,281.0345474142105,280.84377137094253,280.87439598230014,281.0518925022793,281.13023455158134,280.9497420446009,281.4629770518317,280.62580390461966,281.3153497230163,281.39711810229,281.0105536350552,281.0937728574827,282.19969129921924,282.33681501270263,283.58871961093854,284.27273912042534,282.2386078446101,283.3899992333701
15020002,{1680E028-AB9B-4235-83C1-F448188260B7},,,,2021-01-21 14:27:19,1037723.36,4199.52,"AZ,NM",Upper Little Colorado,{F699E677-5802-4B54-BA13-AE171089EDE0},6.126102086536178,0.4125251278657235,1027,283.18354595009254,283.6533388366256,283.767195359681,284.1210202803469,284.07396830173235,285.0438461889147,284.15935092439764,283.3999985245412,283.98474817888814,285.32682252705723,284.2630261100107,284.7155262400806,284.05568817282807,284.3260420102081,284.3818563405349,284.5127166588195,284.43773306534325,283.9784825504197,284.38781781077915,283.425365309739,283.98750959593184,284.29981728972706,284.0174429635542,284.13162920757094,285.16393785554595,285.0820637587294,286.41757942559025,287.0682896757941,284.93424552768226,286.0021843790796
15020005,{F1BFA854-5B35-473C-A3B0-39ED87437935},,,,2012-06-11 07:54:57,607088.23,2456.8,AZ,Silver,{2EBDD8B8-6AF0-43BF-A17A-D0AD2B42F275},2.935637756236712,0.24079574479909993,1028,282.33916814983536,282.73632041517493,282.9986097843894,283.28733384246647,283.2238109597322,284.4802729956988,283.62831840353317,282.81344094085006,283.42245440911313,284.63840777930994,283.4422865765796,283.9404354489895,283.70870758110294,283.643091082017,283.62505184439664,283.82085929340445,283.61740259430246,283.2901218926529,283.56612202026537,282.6896775454318,283.3864833047738,283.5146868054266,283.19118671060943,283.3186372329415,284.2423962464738,284.2339343329588,285.45863253606615,286.31206224858505,284.06569958084293,285.1648679219595
15020007,{A5EB5183-0974-4FE2-8E19-9567A7C18416},,,,2012-06-11 07:54:57,714059.04,2889.7,AZ,Lower Puerco,{3B10AB03-A03F-40C7-AFEB-15CD4D25AD20},2.953769970068565,0.28562205747857244,1029,283.73748814896965,284.1200335678475,284.0385567998005,284.35422400134394,284.42732717880517,285.27597775180334,284.58342388670536,283.88719800056214,284.2123246184807,285.6490244867932,284.6948121288871,285.00127397721053,284.368472458763,284.71655794641,284.7372315434639,284.6086161105814,284.4852075729693,283.9360176407239,284.4426563274559,283.2995623405375,283.81628606184444,284.3760367824952,284.0654422565109,284.1557305564005,285.07697423784754,285.20207789105854,286.6505747770792,287.45261308759416,285.257739611295,286.36065211120655
15020008,{FCA98776-0952-4802-A5FF-5AA004EC43E2},{6533DEBE-58F5-4F30-A034-1EF63D925AD8},,U.S. Geological Survey,2023-04-07 10:01:18,1621354.39,6561.39,AZ,Middle Little Colorado,{5E15D476-D514-4314-B066-9ABDB5BAFE8A},8.61464238436843,0.6471142452655133,1030,283.29916347343783,283.80695777125834,284.0711889946567,284.4199713049714,284.38727112944633,285.6485033388617,284.76486424786333,283.8087640378578,284.1645607697429,285.4835173405125,284.4416271326346,284.85745765495653,284.4539773492029,284.55823688026,284.61669031268065,284.6809365704219,284.77458485028694,284.2900104395937,284.7248763176546,283.71157014432964,284.29175162281456,284.6537143012426,284.34956993564384,284.4496473585695,285.4759118979217,285.4337238951256,286.5041521470697,286.9931721464874,285.2594622689655,286.18482812207856
15020009,{AC3C6BC9-811A-445A-9F3D-54AA17CAEB33},,,,2012-06-11 07:54:57,520564.53,2106.65,AZ,Leroux Wash,{1535334A-B6D1-4919-BB72-E534C345D5E2},3.2237481512590684,0.20881419826773923,1031,283.35969922954473,283.6329129774402,283.5142759271836,283.69214536811836,283.68797365219746,284.5335096265169,283.83985544282405,283.1609051166666,283.43996061678087,284.80409836083305,283.86053916980626,284.20050426145593,283.8264064030606,283.9372636469165,283.9474730298749,283.8215451212825,283.7755663716236,283.1427248753696,283.79773793046974,282.70025171686115,283.16652000383107,283.7520592552068,283.33531702115187,283.42205652256655,284.3624559386556,284.43755155290154,285.726894457161,286.6201790789297,284.4471065507731,285.5333891856254
15020010,{088F98F6-B391-406C-A224-C5FE96639ABE},,,,2021-01-21 14:27:21,524763.61,2123.64,AZ,Chevelon Canyon,{63856F05-CDB1-424A-A589-0592DD817A77},2.591537768426205,0.20857951196846952,1057,281.9222147804749,282.46295978517537,282.58795736180554,282.9035944744225,282.82567449480194,284.18270238256054,283.2374807229349,282.36716565749316,282.80252460547104,284.014655040926,282.9137573236127,283.32543815142037,283.1192043569284,283.16193017389827,283.19352743514236,283.08429646569624,283.1800099553103,282.8010357718554,283.20627985562413,282.1528186605992,282.83481222769467,283.06455406134137,282.7651827499191,282.91282397473697,283.82290575378147,283.937958672306,285.00815565483094,285.65505002825245,283.7570740553037,284.898708098702
15020011,{CD1CD03C-0A49-439C-B46E-6FE4CFAD13CF},,,,2012-06-11 07:54:57,1073055.11,4342.5,AZ,Cottonwood Wash,{2F696549-C772-4D4B-8A89-76E7D904321B},4.947924379257356,0.4313767020508829,1058,283.3524623143849,283.5669310567022,283.4495541270006,283.5968485837151,283.6406068655945,284.5644003596188,283.85075895673094,283.2375272533275,283.4995143760021,284.8007137278903,283.8502120944381,284.2502735029394,283.998499460952,283.9687309660727,283.9078719249116,283.8162845063796,283.8351399937269,283.1538401994783,283.79387122126457,282.6931377655952,283.22761568616994,283.8221625577457,283.3099129176248,283.39544105514165,284.3412792889296,284.2923976541465,285.5961791927972,286.4246920871705,284.25232705452765,285.24179224402906
15020012,{86A4B262-022D-451E-9133-FB4180E76851},,,,2012-06-11 07:54:57,468403.69,1895.56,AZ,Corn-Oraibi,{388CB9E4-8455-49D3-9907-84E1CA0AFAD8},4.264915805148639,0.18950366813806283,1059,282.8556033874294,283.3975545903256,283.33074440393375,283.8645078970496,283.93362370349314,285.1951645057284,284.1361533513957,283.4733285582525,283.69221956278545,285.14459581262344,284.13715336130616,284.71390556164647,284.6984807431944,284.37725915195006,283.93148902479373,284.11526266819914,284.1356404159496,283.4795849794505,283.93341589506616,282.63290702485705,283.56471412731764,284.12900261603653,283.4744027947411,283.6978715583334,284.68513298351206,284.5011741109432,285.6008627760611,286.25370468158513,284.1602289464457,285.2164866294483
15020013,{C1B50806-1D44-405F-BBEA-3CB124F60585},{6533DEBE-58F5-4F30-A034-1EF63D925AD8},,U.S. Geological Survey,2023-04-07 10:01:18,734530.6,2972.54,AZ,Polacca Wash,{62B4C353-50CF-4D7A-B80A-B79ADEBECD18},4.189970070979458,0.2967696735569494,1060,283.03999095183093,283.43210071094893,283.3318933945932,283.7447326749692,283.9723243615274,285.17516255875995,284.23441632674627,283.64265063211144,283.8764242463144,285.2305008250142,284.2167194954992,284.7583504575611,284.7279269808726,284.3976292236747,283.92432210582575,283.99655965708035,284.01277140665763,283.3401586002611,283.84454201714516,282.6053308237348,283.4930770472988,284.0371546635887,283.4038557076876,283.6267927244203,284.5917703688973,284.51266622114434,285.78187772500337,286.4589600296913,284.33007853784414,285.3183238747393
15020014,{0B10F4B7-AB8D-46C1-8343-18C4CF75FC25},,,,2012-06-11 07:54:57,601082.03,2432.49,AZ,Jadito Wash,{B629A117-EDCD-400A-96E3-4DF0929642B1},3.152325640602333,0.2417271078611625,1061,283.7468239637742,284.0790388243383,284.0305915431824,284.2894840361864,284.55687673799486,285.66248887917027,284.88981054539374,284.18286465335285,284.3637790534537,285.689060436155,284.66087298500014,285.09808644086695,284.8242341402421,284.7773727178069,284.5712412644072,284.6044176432231,284.7142917487058,284.06316584971506,284.59292464832646,283.3988791309196,284.1224902990246,284.62940686752773,284.08193063046605,284.2545142613765,285.2482857153966,285.1711741890502,286.45524555822703,287.1436509731325,285.0870326151157,286.00671311932933
15020016,{88FE847E-5113-4BD6-B0D7-01276C2C98F2},,,,2021-01-21 14:27:22,1532502.14,6201.82,AZ,Lower Little Colorado,{4395809C-20FC-46F4-AAB6-C9E8F2FF7D93},5.053386980423159,0.6180831695750886,1062,283.7546326231201,284.3299949704273,284.13031284695893,284.71612519092565,284.54080477287147,285.7413249946163,284.83899048935484,283.91984034436496,284.17546534351396,285.63325671463645,284.73351328875196,285.5558700275241,285.37720585427695,285.27224434382765,284.6076230880675,285.0818275154409,285.26934772475846,284.51669036867276,284.9258219486119,283.76110051875924,284.5550715327067,285.1164167353572,284.53558436303894,285.87957210359707,286.7835759521197,285.7010408405276,286.32194682915963,286.7099257146272,285.11672552933925,286.2568829821795
15020017,{5D23221D-C617-42F3-81DB-99482956B1CA},,,,2012-06-11 07:54:57,524253.47,2121.58,AZ,Dinnebito Wash,{EF904DCB-B568-4651-8CCE-858EFF0F22E9},4.480131491405651,0.21182217436450393,1063,283.5587000857881,284.1195374216286,284.03738288909216,284.6109763416793,284.6071801244121,285.84493110149356,284.76438902431823,283.98236827048953,284.22076260828675,285.72974672207573,284.7670136115536,285.38951491936007,285.3511088527242,285.08422099652097,284.57221416472663,284.8994407097385,284.996012854537,284.3307129459936,284.7554823365181,283.4756738974559,284.3809187780977,284.9568987980764,284.29897638347376,284.75172945458127,285.86394073694277,285.2820746959482,286.1910591329694,286.6542807529239,284.86387348654483,285.86944179296313
15030103,{197529A4-D93B-4D9C-9943-3B815DF873ED},,,,2012-06-11 07:54:57,852374.54,3449.44,AZ,Sacramento Wash,{3EA1B585-BE1E-49A4-95F2-2BF7DA7ADB2F},3.485270815777744,0.34038305831881993,1064,290.4036006045943,291.6204857361318,290.83816146004625,291.82952652196855,291.12185796881533,292.9655492087337,292.41738095111816,290.61830731358543,291.14863408946337,292.81790725321997,291.56822399278315,291.8935205594554,291.9363541930896,291.74364054330766,290.7297263774677,291.8790233313873,292.09321256781936,291.51811642504464,291.7778908073615,290.69573033861013,291.1851528216675,291.61049357431784,291.51789359011633,291.74972803345014,292.16842938360327,292.6476826597746,293.6043165167577,294.39347755690864,292.32979032677184,293.43737832295176
15030201,{23578BFA-D745-41C9-8DB1-319A827ECE89},,,,2012-06-11 07:54:57,1377911.6,5576.22,AZ,Big Sandy,{93FA7FC6-BFA1-4394-AAD1-17F39DB50EFD},5.212702135945312,0.5503146347787331,1065,287.18705700934885,288.3213011552561,287.6518988096832,288.35646742738027,287.69346439164843,289.31594211398163,288.6626595468048,287.2562015947359,287.80426101535255,289.6409759933093,288.4156695114413,288.8289189230275,288.6186859480357,288.4000545108145,287.6603848728384,288.493957283234,288.6486650701546,287.99042111683156,288.44800275559027,287.40302254845983,287.7640300451541,288.1400903625728,288.0708068102854,288.4242182993323,288.93011206166904,289.0092426143404,290.1887574946932,290.5526210006283,288.71062962632084,289.9312756791009
15030202,{FB6B8E22-F849-4846-AB5B-417EF726EA4A},,,,2012-06-11 07:54:57,456381.92,1846.91,AZ,Burro,{570FA15F-AF13-4496-953B-0B51CF2A1B64},2.588125681035226,0.18175526231144293,1066,287.70808368422206,288.55177332188015,288.00938990180396,288.7230240468379,288.086946220069,289.5867860103346,288.95884488289437,287.7744132069395,288.4572920672756,290.24264205518085,288.97616405525855,289.2002387916027,288.29710154646085,288.1501089149262,287.5257554205735,288.3867688981083,288.4651244932755,287.90082889187624,288.2728379092194,287.21429204355826,287.6282990392649,288.01745214822716,287.92778648732303,288.34304565290347,288.8069723686889,288.8568757775957,289.8691313977607,290.6533793695823,288.6154347439006,289.7978357374782
15030203,{A979994B-BA1C-4F7D-BD40-4198D91CF706},,,,2012-06-11 07:54:57,916981.29,3710.89,AZ,Santa Maria,{6A359D01-2A8E-49D7-AB22-FD0489C308C1},3.441731984046057,0.3639730501978811,1067,288.43090075357327,289.0691581724483,288.50727463814394,289.57804255784805,289.1881795736928,290.53740101495185,289.99675151926425,289.4259276889687,290.1434019091306,291.77156910232026,290.6160668678916,290.93759157147207,290.1708362220723,290.15288638458173,289.432623222235,290.21806874365376,290.2409398632058,289.7368145777714,290.16517602996004,289.11077768266404,289.50777231813043,289.8496437243289,289.83332932653224,290.1801800298948,290.5801847588176,290.994954374504,291.7552784389079,292.6019858703991,290.5492389644639,291.6446262300802
15040007,{1FDED284-CC93-4733-82A5-A63EE72272BC},,,,2012-06-11 07:54:57,688610.28,2786.71,AZ,San Carlos,{D441BB7F-DF61-47FA-B23C-82CB204B6064},3.5380071942511053,0.2701669171912831,1068,287.05762245044264,287.4429504513172,287.21703683092454,287.86544359729254,287.60791985449947,288.87787363897417,288.34042162028123,287.1949638745015,288.0447426928441,289.6756272430322,288.1254490681617,288.8988613571085,288.75681866757185,288.5692858219122,288.37227093727523,288.98935699212547,288.88000683486774,287.86156149498197,288.00022237174556,287.08041920312326,288.0099562244162,287.8315169090544,288.1175684702828,287.8563733087307,287.756461152045,289.1704319635637,290.9375846255921,291.769612235618,289.14530928339303,290.2783527830379
15050302,{245E1BED-9BDD-401E-8361-9EC35F6E387E},,,,2012-06-11 07:54:57,589332.15,2384.94,AZ,Rillito,{E38170A7-EAE4-48F3-BA2B-F8FA3CF57086},3.2417425135347715,0.22775873618717277,1094,289.57452152375976,290.13308046753923,290.0556648872377,290.69973802679004,290.22680343571,291.29492490223254,290.7132978405043,289.2800838216126,290.07331386718874,291.1404055646042,289.84687844777244,290.7960729438311,290.5573262768806,290.5689390526692,290.31745491576646,290.58594815977557,290.3354470912487,290.08402474221424,290.80446950842963,289.55200400812004,289.8117918645201,289.96315716905275,290.50141870652186,290.3400586163362,290.3358572131996,290.70757353494815,292.06770171660037,292.8454156360046,290.5580866770468,291.91880977880055
15050305,{0CC26354-21C4-47B3-AC2E-9D48DD401EBC},,,,2012-06-11 07:54:57,469254.67,1899.01,AZ,Aguirre Valley,{AFB6CBD1-76DD-4E1A-83B7-A2EDFC5F3331},2.599210750009323,0.18176044792871757,1095,292.8704929424478,293.46310396562217,293.24335835882897,293.8749788911699,293.3990464267621,294.3859425732032,294.15526744270113,292.6082279181525,293.39699021566895,294.7299586883835,293.22395816393686,294.1066699853244,293.7512143046171,293.621068150022,293.1434162809927,293.81855627227276,293.7154491093047,293.2392747437724,293.94205445585703,292.9147141830232,293.45037467120227,293.06624141283703,293.50953370607124,293.9706434649668,294.2421342449076,293.9622289303258,294.7949971130805,295.32205338027177,293.33482613346865,294.82817157909494
15060101,{70FAA9A0-71ED-486D-A963-D469E34637D0},,,,2021-01-21 14:27:23,800920.74,3241.21,AZ,Black,{A8FBBC15-63E8-4E56-8753-B4AB10753DAF},3.9594348244195094,0.3151103051510318,1096,280.864147345906,281.26963244303647,281.4790722406141,281.67981331994883,281.5825788255989,282.495808901603,281.93163438231875,281.03075025768123,281.869779744872,283.05512448202006,281.75043373553467,282.25305393580965,282.1681924045969,281.9216208847567,281.8625280670404,282.19099008305426,281.95883353804925,281.6048655301161,282.18226903966854,281.3185669240724,282.0429411156697,281.98038560932054,281.5021856382866,281.6600736035566,282.7140329289271,283.0764540617474,284.1907030634477,285.21132012472503,283.00173621660923,284.55380411718005
15060102,{C9169F33-9C9B-4630-B4C1-FF8CDC034C78},,,,2021-01-21 14:27:24,408468.73,1653.02,AZ,White,{A03C219A-0B87-4726-B853-AA1798F49C47},2.384436467389934,0.16115543569765875,1097,280.6882694349713,280.93607304414473,281.13457102858564,281.44152888917023,281.16499359941946,282.16153877168966,281.67421453018045,280.7895126006123,281.6191467934147,282.7333398796492,281.59037282495433,282.23745082496146,281.99031917878966,281.81314906678733,281.7527625742691,282.0480826972155,281.75215946110785,281.4333059431771,281.85811886657615,281.0445879919762,281.74653170128795,281.98681446081326,281.5627500110889,281.74037198831087,282.57103720564186,282.89346500710883,284.08594964608994,284.97993173529835,282.83604904054,283.9879414075079
15060103,{F9299866-F125-4555-9111-A79A3A7792B7},,,,2021-01-21 14:27:25,1378652.93,5579.22,AZ,Upper Salt,{43556C44-F2C9-47E9-BAF3-DF225FFCFFE1},4.800728401753783,0.5432832381630347,1098,285.90727570026723,286.3472155729587,286.32339853260834,286.61155094080544,286.23617011346545,287.60486757063245,287.00147094998795,286.03012682633124,286.66993535388326,288.1807172493805,286.76815082588394,287.7838660765808,287.6167839865355,287.4546734636287,287.06526946231395,287.56915707458523,287.4235693092288,286.6475193217459,286.96687775244413,285.9285040426201,286.96633168555826,286.89017894848854,286.85621564315517,287.1467732684759,287.81761992892524,288.08821603199806,289.2802148901596,290.1371357086465,287.9105974932439,289.2671731199224
15060104,{73F5075E-3D0D-4D16-AF5E-FE7D507697A9},,,,2012-06-11 07:54:57,454381.88,1838.82,AZ,Carrizo,{CEF3E81E-1B62-4E95-801D-6F8E51E64B2D},2.7842767053011586,0.17958245286204277,1099,282.9012703925069,283.1811857246567,283.43189261158153,283.696200526025,283.50870423399476,284.72313677127084,283.9803016709407,283.2327269247339,283.8806016492126,285.0308794167173,283.8315184495081,284.4815197353961,284.29059896084766,284.13563786027805,284.1296726968209,284.36868454124414,284.09143337977815,283.78955868655385,284.143800081549,283.17699936582636,283.90729330942503,284.09262992227156,283.71463249759796,284.00639159716536,284.7511595053623,284.93622788980025,286.09679520429665,287.06106550119506,284.7976124408135,286.1705312499899
15060105,{CF795DB8-822B-4CA4-8D4F-4319336979AA},,,,2012-06-11 07:54:57,671097.36,2715.84,AZ,Tonto,{83029679-49C3-4CB0-80FA-9A1B23A85301},3.1715481962745877,0.2651846690028275,1100,286.9437993690826,287.1046926598435,287.20545194565295,287.367277857407,286.97217274225306,288.4108758045181,287.75612575544454,286.6713436709878,287.19666971748705,288.6457287367981,287.26387633650603,288.3363975532681,288.008456237335,287.8172102055021,287.48775682955863,288.08687502733,288.0892102751648,287.44259089325516,288.0736685379465,287.0303244738403,287.8045790180825,287.90115923476867,287.81187130565314,288.1542999003871,289.10148056356763,288.84953314039,289.71561310296806,290.61230324421103,288.30023601632695,289.5495741529522
15060106,{BAC2DEA1-E318-423B-8444-E4C9B421AC5E},{066D2059-B82D-4F33-9816-BD9B5523EB4B},3D Elevation Product 1/3 Arc-second 1 x 1 degree ArcGrid,U.S. Geological Survey,2021-10-28 17:46:48,668296.68,2704.5,AZ,Lower Salt,{E9EBB01A-3FDE-48E8-AC27-628C04D31775},4.517755828789407,0.26251228318895553,1101,293.38255892186163,293.9167500791491,293.55204226185435,293.848550451563,293.5649979331038,294.9592226069992,294.3662018040934,292.7530302514,293.41125948624415,294.83092414326705,293.6548496191157,294.44757101651567,294.27558200362637,294.3881975401632,293.76157686315764,294.4239947001457,294.2651108082084,293.82573245902677,294.4495263095198,293.6456815825886,294.13650538128894,294.2360454199943,294.3520744205149,294.28506997153966,294.75234521016023,294.9407418994644,295.88835287483505,296.4233605122056,294.32321618436885,295.5898461787429
15060201,{A66D7770-F6C9-4C7E-A9B9-5AF6AF0F3906},,,,2012-06-11 07:54:57,1378392.91,5578.16,AZ,Big Chino-Williamson Valley,{4E803F78-CCDA-45F2-8C55-52FF0A3CF688},5.601940339099128,0.5522844350946329,1102,283.47702225020225,284.71272359569906,284.39298577021515,284.7986770885015,284.37864370450876,285.79861191231646,284.96899145393235,283.6737522028573,284.41011920821325,285.9780045923731,284.901271265527,285.5478883627138,285.48492416042944,285.17394549976893,284.77450462172555,285.18065052466847,285.3849258693617,284.8526474955931,285.19105496929024,284.1976617492731,284.7105928751789,284.90474931977263,284.72995021951004,285.2453400058056,285.8359560770215,285.65360847710195,286.6903835916101,287.3449344023581,285.31799439106754,286.61444454548604
15070103,{C82CE9B7-1547-4C1B-815B-A3AAEE1D9A7A},,,,2012-06-11 07:54:57,941531.86,3810.25,AZ,Hassayampa,{7479B8BD-7996-4493-A137-4866D310BF8C},4.737352893914297,0.3715796422212084,1103,290.784276007665,291.5478820126986,291.01992151465817,291.5116874075463,291.21028298789673,292.54616778249243,292.16635874683726,290.7898813801586,291.28014279017475,292.85295872519697,291.80434903920013,292.51701513323206,292.2316367852726,292.4621603938143,291.58477230810377,292.1714800286212,292.05547457701647,291.81535296801763,292.6864273816909,291.56875791512846,291.88680499897885,292.09958608573527,292.06573621256155,292.2520992860131,292.8026456873173,293.4278637074608,294.23129377286165,295.0206076709625,292.8860762276309,294.1229619046168
15030101,{3A53854A-4772-47B5-8EE0-76B6F72D2481},{0798C084-7771-47E5-BD5C-F5CAF80EBC7A},3D Elevation Product 1/3 Arc-second 1 x 1 degree ArcGrid,U.S. Geological Survey,2021-06-16 09:16:54,1781086.64,7207.81,"AZ,CA,NV",Havasu-Mohave Lakes,{5F333AF3-42AB-4821-AE6F-B2B9C5D0CF8A},7.197646379007143,0.7115836465032468,1197,293.4882609287939,294.68888579362346,293.8130265855682,294.8777158538738,294.1962671295084,295.9883453937384,295.2814836085487,293.67197416415763,294.2498225858997,295.81957973330884,294.5836281975061,294.90528145755854,294.8669825974682,294.8377127452113,294.07161129872657,295.026279419332,294.88189738125936,294.38633244917855,294.82924479132635,293.7981744369553,294.1424021531901,294.74649905445347,294.5523347145492,294.6110518742403,295.1334815181585,295.4214919542994,296.38226277042696,296.9851417830577,295.28591764116965,296.0742248646317
15070102,{6F590258-43AF-4D23-860D-420434617396},{DD26948D-F372-4CCE-A4A3-C5F435A92CB7},,U.S. Geological Survey,2023-03-14 16:55:00,1755996.12,7106.27,AZ,Agua Fria,{7BBEB9CB-2024-43B8-9178-2BD1ED033D4B},5.258529421632601,0.6936576980283241,1376,290.5521477314531,291.0705320945598,290.8089315284014,291.21736010763567,290.8188009406975,292.28790054278903,291.61837477876065,290.11316474303385,290.7766650612402,292.31477990745043,291.17983067604047,291.9467932807296,291.6342507343366,291.6798691143394,290.9039264515556,291.7332019184288,291.6690534117916,291.24156489712175,291.93482154487634,290.8763038192099,291.36259913591215,291.62129679747613,291.5178925993588,291.69049550383664,292.29280360966493,292.5061142922063,293.31086017866664,294.03066910749016,291.9995073404864,293.132745671776
15060203,{7FA30917-AEDB-473B-9E55-84FF0403C413},,,,2021-01-21 14:27:28,1258665.09,5093.64,AZ,Lower Verde,{E154FE66-DBD4-4CD9-BF2D-9DDC967B5339},5.409413202069431,0.4980918168455035,1775,288.1595796658586,288.22463135054323,288.21487633866525,288.5247722351745,288.1966451910518,289.6569722666347,288.8696721067103,287.3998679650784,288.19313168901067,289.56145906340925,288.37066570806684,289.1814693214546,288.7214425221946,288.69207955906415,288.4407507840042,289.24351780489286,289.18505455297077,288.674519944605,289.3029423492721,288.3290673430275,288.762435370704,288.99421440105425,288.8125412283998,289.0000640590223,289.6663193870284,289.794515140893,290.6870832608738,291.4636886761818,289.2614413942203,290.46410595742424
14080105,{9CE10C90-4927-4081-A2DE-D75ACBD9AB0E},,,,2020-06-04 20:06:10,1244784.87,5037.47,"AZ,CO,NM",Middle San Juan,{5490C356-0FCE-4805-9984-E73C50794558},5.288234767631596,0.5090423676238243,2146,281.9817484457603,282.8434979164819,282.53949063740146,283.2874316520166,283.2059250083101,284.1242032639639,283.14826391907974,282.9999152412613,283.2947078569017,284.56446115247485,283.57435555429157,283.96661773011147,283.91698171388333,283.4724510896823,283.7003791349166,283.52427724979617,283.5260912834209,282.4535616334881,283.3769486123015,282.2735181620263,283.30625041744247,284.00094253424595,283.2618159205829,283.07588575521396,284.16207370569236,283.9368532748324,284.66990728120044,285.3443184873819,283.2336533545193,284.3556503937184
14070006,{50D2624C-5AA1-4731-AC1F-14A1D6271ABA},,,,2020-12-16 14:21:07,1879505.77,7606.1,"AZ,UT",Lower Lake Powell,{29EB635F-7753-4359-9A72-739223E5C194},5.130037325406772,0.7700733650624939,2147,284.6201179445805,285.44165587030744,285.2255322362499,285.9362875915609,285.3734665471695,286.90135370007806,285.6809797222577,285.10083830496535,285.23362493020545,286.8994399081504,285.76634508787674,286.497619166942,286.5084913430644,285.97918698054457,285.55006189192204,285.91228186772827,285.98789953998676,285.3045449915139,285.8330164954988,284.6785088849318,285.153716893136,285.87084890907386,285.2353532629436,285.2693972876452,285.98733860644285,286.2005735149385,287.50218923069343,288.0061226512305,285.7408451605724,286.8776617669187
14070007,{EEAAE222-A384-4065-A138-39633E91FEA4},,,,2020-06-04 20:06:46,908348.94,3675.96,"AZ,UT",Paria,{123706D1-65CC-424F-91EA-81073B8AB5A3},3.844276557067984,0.3732549793160526,2148,281.98823102347694,282.97765893052167,282.3848397710551,283.4124350978185,282.5612103009422,284.14969681889465,283.1697017573214,282.48744709152044,282.8329974231627,284.4413627015097,283.3567961616827,283.9480670441012,283.8478277065639,283.3051763910821,282.80189557210815,283.0764772914619,283.25462111324674,282.5094925783202,283.19858096360923,282.1463251514177,282.73348653955736,283.467974486252,282.89022170202367,282.8664580206935,283.65258690268035,283.86580019770213,284.85600369171084,285.81367329305306,283.18510919292703,284.5622729194594
14080205,{E31EA49A-31DD-474B-BEEF-86486DDD9F1A},,,,2020-12-16 14:21:05,1561147.02,6317.74,"AZ,UT",Lower San Juan,{BB2B5433-8EF7-4C20-947C-4230ACDA0CE0},4.630411917402036,0.6406668196411169,2149,283.9910052582319,285.0405995776222,285.03887214741314,286.0064932705968,285.4683687771483,286.7662709156577,285.54699310086914,285.30441946867313,285.3194272107759,286.8248694001849,285.668334967293,285.84601573026515,286.3078664433114,285.93567358407404,285.6780455520341,285.91871327767194,285.8463223013002,285.0325253420161,285.6074138190779,284.0582652338943,285.09960619165753,285.80238228847713,285.39514448935324,284.98003120353513,285.84242509245416,285.89841826274915,286.91534955289796,287.349473414521,285.2849314077776,286.1249299322856
15050301,{EE94F429-A5EE-4583-8558-00435EF322A7},,,,2020-06-04 20:32:36,1680515.46,6800.81,"AZ,MX",Upper Santa Cruz,{0D76FF07-6996-4095-A9BB-1EC142981681},6.245822307402728,0.6473075553650307,2161,289.78571351073475,290.51798763149395,290.4220313499597,290.77739080183983,290.3654914054262,291.33359048713,290.94465675230805,289.4271806853182,290.20175233933094,291.1655854097471,289.9685422859257,290.79830563384877,290.7681717455028,290.5829048929502,290.75853216907853,291.0136157215483,290.80823651433167,290.1159831535427,290.98973766568014,289.8950889500774,290.3097523683077,290.07755868022076,290.4205623256156,290.5939879674918,290.75906847608564,290.89340848680075,292.07648818023074,292.8122125565021,290.6500456367462,291.95446285997497
15050303,{376E8D8E-6398-4658-92E7-FCA9507DA75A},,,,2020-06-04 20:33:10,1076841.19,4357.83,AZ,Lower Santa Cruz,{4A6DF4F0-C5DF-4B08-A603-E0AD4E05F047},5.155582169460283,0.4194088465338839,2162,293.179502053761,294.1834272575693,293.7765908407167,294.36308023893014,294.09607985284,295.21354321658055,294.9873179235928,293.47799384833496,294.109603542998,295.36810352716594,294.06403253645124,294.7906841329944,294.6280683850294,294.7335429890829,294.16318019587004,294.6613013563661,294.7399841907176,294.4630522918619,295.2256389260597,294.1582709781238,294.57660214302774,294.6790147501534,294.69613011146214,295.3714076801029,295.496552567244,294.93529481250886,295.6804691708253,296.1974839115622,293.9043781514849,295.32851838026176
15040003,{CE4F5BF3-905F-4C45-9D23-BA118949FD40},{10D413FE-EB50-475F-9E92-A010501156CA},,U.S. Geological Survey,2023-04-07 13:18:19,1449007.37,5863.93,"AZ,NM",Animas Valley,{07E908AC-5BCE-454A-BCA7-9B3916D2C2E0},5.514458853393399,0.5605330661619289,2164,287.0241707176522,287.4308297903651,288.0630215507532,288.5717529189325,288.1408510241898,288.86650929506527,288.34389596336155,287.584311067139,288.2956997308405,289.1676354465269,287.91273872607127,288.80671399614806,288.84544628714036,288.42990955576636,288.41746108757474,288.5243270884892,287.92127361196435,287.7050961208956,288.30908326223334,287.499904826016,288.15552771434665,288.2922861275633,288.1248775861211,288.2487107317502,288.643479633755,288.734757128881,289.8237099402331,290.42612551890505,288.7325817839295,289.5567048064766
15010010,{C5C66E0B-7255-435C-80B4-43F67085FBE2},,,,2020-06-04 20:33:26,1318977.06,5337.72,"AZ,NV,UT",Lower Virgin,{893393A1-1267-4BBC-AC42-DC8BA98E7DE2},4.699078981420653,0.5404405194536588,2166,287.8142787477862,289.2799720302601,288.47089789390196,289.54657611791396,288.63990002769765,290.1189034329174,289.4321193129544,288.4761110916589,288.53056198531664,290.0295430019508,289.473820619217,289.5112326799838,290.26849580779464,289.7517644025511,288.90938706037446,289.5463733914076,289.4311631315542,288.88979193930635,289.72707806553365,289.1526176817875,289.04829258640126,289.9863420235449,289.9735724369638,289.91335064471474,291.1457461731818,290.38785092147026,290.79348716166766,291.5833212691887,289.3913949962396,290.46311078750784
15010001,{B0F45574-8471-4A73-95F2-582A22BD57D9},,,,2021-01-21 14:27:29,939716.72,3802.9,AZ,Lower Colorado-Marble Canyon,{B168C206-2635-45B8-AEF3-92533A4D3DA7},3.5629824786067976,0.38232400820352247,2167,284.08042121881107,284.94812359161085,284.4289816613843,285.12662513310016,284.39601896234126,285.903179460939,285.0167709039009,284.2258837884376,284.54361036081224,286.1446217965347,284.94880909958914,285.7951130926565,285.70319986403905,285.64578008615507,284.76298515665957,285.3284779298235,285.4619682566109,284.5990814268316,285.206186931791,284.19583563495723,284.7783037887751,285.12592920030465,284.6880162703254,285.12183687869305,285.55985114149604,285.3718876911215,286.3301405502955,287.01446844813165,284.8739384069789,286.16116547491833
15020015,{1287200A-6306-45A7-B201-5301D068D954},,,,2020-06-04 20:32:57,767645.45,3106.55,AZ,Canyon Diablo,{B05CDA82-788A-4847-B06B-83C9F3397949},3.4620074533670815,0.3070304771140055,2168,281.33477340989293,281.8734780207976,281.95233606533577,282.22213404473433,281.73434624820555,283.3065478904792,282.3968601140062,281.3145720630185,281.82329576461643,283.08548940301836,282.2792121231596,282.75960079552766,282.47372354088463,282.4480165413903,282.3628720972647,282.642378387337,282.60274862305124,282.06109823042135,282.68262357256214,281.4165745602894,282.16847896758316,282.5214721038338,282.2837262551566,283.82108138049824,285.2939382347961,283.6576500888732,284.3070827152838,285.1448821199496,283.20192959361407,284.2628616419905
15020018,{E0D05FB2-3A64-4F1C-AD4C-D81FE6BDFD00},,,,2020-06-04 20:33:07,1697235.34,6868.47,AZ,Moenkopi Wash,{EE2E771C-8447-4D5A-A7D3-D45DB10E685B},5.419476411757963,0.6893382323532042,2169,283.51487123732903,284.2645313662705,284.05579758916457,284.8130948533066,284.52714600035165,285.90483769770805,284.74546215966376,283.96165816389714,284.2007632386203,285.79898533259075,284.8663010957444,285.69559498376054,285.7105971210291,285.37265165343604,284.9831883314705,285.30270494153524,285.3686202444231,284.70988721344963,285.12134492418016,283.7471617517354,284.65252611779346,285.24106470824404,284.63918549062623,284.913341807904,285.72635994260963,285.0469904514875,285.84528618043845,286.2897063817188,284.57173278474727,285.6724735280147
15050304,{54769F22-97B4-415B-BC91-102E24FA3768},{566E7651-2594-4C85-AE09-DB338B355F62},3D Elevation Product 1/3 Arc-second 1 x 1 degree ArcGrid,U.S. Geological Survey,2021-06-30 16:15:50,901729.22,3649.17,AZ,Brawley Wash,{5F6FC5A0-0D64-479F-B82F-43572EE4F057},3.94540218039642,0.34817572169837363,2170,291.41453056753613,291.97808129330167,291.69875018964024,292.2671234769397,291.83657848152393,292.85975761342183,292.37877456927026,290.9260167247912,291.7241832780379,292.97491576681585,291.58475763301715,292.42674326449844,292.19391915055246,292.0733364092571,291.58464837167696,292.4256118316123,292.20195210338596,291.73728730422573,292.39196071187826,291.4896948389411,291.92538885944373,291.6316649715812,291.89414871845935,292.2305058937387,292.5004459091187,292.416844607384,293.3358972341943,293.8447998709267,291.9293521393892,293.35051463146755
15050306,{99AA075F-0E4E-47DC-9F7C-1EC82DDC1F7D},,,,2020-06-04 20:33:10,773626.57,3130.76,AZ,Santa Rosa Wash,{A74AD686-DAA6-4C54-9B7A-5611E6DD91CA},3.7601978861152685,0.30025370335193013,2171,292.94641294917636,293.8503530255656,293.47423457831087,294.1203748481278,293.70191631772803,294.74867974301526,294.58444817037235,292.99691601357364,293.6256027992051,294.9576307713906,293.58116178259047,294.3612073653541,294.07171046437844,294.0950311319675,293.65160193140684,294.1426197622322,294.1490170865844,293.78424668345696,294.5761603479269,293.4931575661256,294.0059634361015,293.89721903431547,294.1860921115545,294.80338308910973,295.03076702505047,294.3582158427213,295.3068249202024,295.86508603240173,293.45517459990356,295.15370499126897
15060202,{B84E4101-5C01-4FE3-82D1-D63EAB642A18},,,,2020-06-04 20:33:13,1605311.44,6496.47,AZ,Upper Verde,{D1EC22ED-EAC1-4E22-90E4-4E36901C7136},5.596725035695103,0.6407185551439504,2172,283.8908528661434,284.4591775102393,284.34899293276465,284.6351028501317,284.1715162947471,285.7579149927092,284.83701807605337,283.55066044503536,284.0867069435503,285.583335325941,284.58940521341043,285.4390361552507,285.21233395884315,285.17559649972964,284.5978282267454,285.18541464818975,285.08663640667135,284.6226199385444,285.1400842035061,283.8565772499196,284.41478693619655,284.6265367544142,284.58463683920354,285.55354256907214,286.3555427521863,285.85356980793387,286.72748314309086,287.5755939366752,285.35023173073785,286.5814189407238
15030105,{24F6DF4D-18F6-445E-B45C-BC625AFDDBBB},,,,2020-06-04 20:33:25,1034209.69,4185.3,AZ,Bouse Wash,{39220F17-E5EE-400D-88B2-6ED50CB8F5B8},4.397089084658197,0.40739312042513254,2173,293.20564324830605,294.3261593819072,293.5104679915868,294.1992102644239,293.7821591831022,295.3074827644604,294.65489550826385,293.0815431028159,293.4699600279982,295.1144526329095,294.04634082391595,294.5532327585118,294.61937896294575,294.66007747781845,293.5513561177785,294.4589144200221,294.36234896540583,294.09036838705384,294.577463543823,293.6254798396822,294.0151009334369,294.3141709383056,294.3011414811589,294.61635381227245,295.0525034558927,295.3745551023275,296.0310205477121,296.1517200561757,294.30907382990364,295.1613065541373
15030106,{44628355-CCB0-4DC9-A372-B15C42CF1B22},,,,2020-06-04 20:33:07,457252.32,1850.44,AZ,Tyson Wash,{EB752A0A-BD16-4B1C-BEA6-14F7BDCE2564},2.579054792306413,0.17971496714571308,2174,293.6899526878715,294.89392808746135,294.09816688852897,294.77497684553623,294.39089593768915,295.9733407691665,295.1754314578226,293.6404256534877,294.01286046445307,295.57240228537677,294.51982861361773,294.879035443592,295.2106785637116,295.03600985697017,293.863527587813,294.6090029062826,294.6922154723196,294.528906156419,295.0396961428348,293.98277638971507,294.3638633665467,294.56334036101964,294.80291227143965,295.1684423010847,295.7087156289437,295.6514790624274,296.40528938316146,296.7330608335012,294.8517619731102,295.9178717504146
15030204,{26F1863E-A5D1-4473-8FD1-3FFD00DCEFC1},,,,2020-06-04 20:33:05,687699.48,2783.02,AZ,Bill Williams,{69A3ACCF-4769-4702-9794-C1BFF44AD834},3.984873941366379,0.2725704069959083,2175,292.67409184537775,293.74461745216666,292.96292189664746,293.7294828353889,293.1214518757446,294.69256686700606,294.18615311604117,292.7022690793983,293.1117928103407,294.8476908756595,293.63960372550264,294.0411728834378,294.03085206037747,294.15602864024663,293.120436648154,293.9831584822829,293.97457934608093,293.31557416103084,293.8267426440961,292.95436544343704,293.1718221287433,293.6500141099085,293.36273513586275,293.6962797044874,294.10059843690703,294.58900398240314,295.37133666090887,295.8893710964174,294.1984494394477,295.25843304890395
15040005,{561B28FF-B866-4BF0-A796-B0D3FF05CD8A},,,,2020-06-04 20:32:51,1772190.49,7171.81,AZ,Upper Gila-San Carlos Reservoir,{8CA50C6C-4AE7-4973-B14F-E298446020ED},5.962532011922966,0.6925874322799677,2176,287.49690109866134,287.7295225826362,287.8533738124759,288.2465420532194,288.0594168984666,289.2330031837208,288.32785224336146,287.24340983776574,288.2471071137273,289.48335369000785,288.07589927576385,289.0391870751723,288.9836136867494,288.5168835867316,288.42487695809456,288.9197752158155,288.8001536856612,288.3430457605704,289.0167341254924,287.8367867532805,288.6748641514577,288.7447984052381,288.53237676275927,288.53606638169776,288.6328790739021,289.2538160163605,290.7414067759027,291.60494731073794,289.4562044055197,290.7249595758331
15050100,{34547820-FEEF-4495-ABC1-E8C50DD42B96},{566E7651-2594-4C85-AE09-DB338B355F62},3D Elevation Product 1/3 Arc-second 1 x 1 degree ArcGrid,U.S. Geological Survey,2021-06-30 16:15:53,2102382.75,8508.05,AZ,Middle Gila,{6D013BB1-E3BE-4DA3-BF40-CFCD17E7A970},6.334548003732393,0.8216509183862428,2177,292.4566943934034,293.10877447914777,292.78532266791484,293.3820961167976,292.9870827970133,294.30285292839693,293.88863306440084,292.3228944474265,293.13732599650456,294.57972038000986,293.19245531023597,294.1269910651879,293.9366812542416,293.91435566339413,293.3069493195862,294.0081037849612,293.88432903721343,293.3949551195287,293.99816002710634,292.9467511598848,293.5730583066253,293.5595698616382,293.7170759760817,293.955862330723,293.84457299574103,294.0833209500136,295.06480773250814,295.6876564817955,293.58494339869105,294.82418002244356
15050201,{D9FE708C-2EB0-4C4A-AF46-5493082B1080},{566E7651-2594-4C85-AE09-DB338B355F62},3D Elevation Product 1/3 Arc-second 1 x 1 degree ArcGrid,U.S. Geological Survey,2021-06-30 16:15:53,1058849.46,4285.02,AZ,Willcox Playa,{0A09ACF7-C42C-4CC6-BDF0-A75BA49AA735},4.201349723453443,0.40986588173718413,2178,287.8248410444075,288.1683121505478,288.44546976647706,288.99605338325813,288.5448228781337,289.6281872144369,289.0580797809549,287.9056827501678,288.4559397304168,289.30372606198506,288.2510906107674,289.3093112897688,289.29181003869326,288.8657849408113,288.8215659566103,289.10109386534566,288.75502665035305,288.57446950471336,289.2160601435074,288.2943302323214,288.81867972179845,288.887361745177,288.8955752897405,289.13124748124477,288.9466873942787,288.7000958232654,289.76812588860406,290.4047240776757,288.3382861217411,289.5354685534978
15050203,{4E3A7D7C-10FD-4F35-9477-71CA8693FDD2},,,,2020-06-04 20:32:33,1268480.1,5133.36,AZ,Lower San Pedro,{0A81416B-DACF-4926-AA2D-E14FD97D474E},4.238955735366865,0.49312720639797636,2179,289.48941108424583,289.8129159423452,289.7334075469696,290.2851863115795,289.82828471733745,291.25142934785924,290.5367308683405,289.1305886367745,289.99535657032925,291.1131290194376,289.7668624568613,290.76074068392836,290.5800107818517,290.3370410903311,289.9447981843445,290.5416913949562,290.57685812129813,290.17991946092553,290.91256898110055,289.45948955751294,290.2897683923573,290.570231766696,291.0979210669382,290.8023813887676,290.6063008084091,290.5710656650501,291.8485575535663,292.5279477281247,290.37426332299685,291.88315560707423
15070104,{19ED8359-9C74-4C3A-B1F7-3AB03F8B02FA},,,,2020-06-04 20:32:45,1236152.45,5002.54,AZ,Centennial Wash,{4587241F-80B8-45A0-9F34-5F069F5222AF},4.76636220123828,0.4864132806582852,2180,292.67360705914945,293.5847514372758,292.7624073676774,293.17130514769065,292.8727072649969,294.2299997392976,293.93478702878707,292.26134179395046,292.65887837959184,294.35172416008163,293.3167913382844,294.10867044594744,293.84278540583614,294.10190875599363,293.2565268028771,294.048939678981,293.8225701803035,293.63921431865685,294.3366806070133,293.16247999381227,293.4287684762796,293.7749050290534,293.75460493872816,293.8134918104314,294.373149015327,295.12430039667,295.96887395355424,296.5432504572738,294.4593412931147,295.25707485838336
15070201,{560D9857-464D-4283-9447-81C9274D2856},{0798C084-7771-47E5-BD5C-F5CAF80EBC7A},3D Elevation Product 1/3 Arc-second 1 x 1 degree ArcGrid,U.S. Geological Survey,2021-06-16 09:17:03,2683004.23,10857.74,AZ,Lower Gila,{A4CDF3C4-86C3-4881-9D2A-E53D0939A0C2},7.188037082304098,1.046460941080706,2186,294.0143255913396,295.32003889031216,294.61500805702957,295.2509539579117,295.0615202023115,296.16755660603144,295.53214177187937,294.23608891325495,294.5237719419557,296.34294726411815,295.20388065423305,295.7505726364906,295.57614783102053,295.63466621757186,294.6754915788654,295.6953710660292,295.4040149402949,295.22277801704274,295.6934009909565,294.856058092006,295.5404250293961,295.86765737953056,296.0781479574019,296.2724426595754,296.8435371218053,296.2041803492899,297.0001657868437,297.4050936081794,295.3577931366457,296.24729902684373
15070202,{6F5E8A35-61CB-4AD1-B99F-306D858EDBDA},,,,2021-01-24 19:38:37,687951.56,2784.04,AZ,Tenmile Wash,{7ADCEDAB-A091-453F-BA9B-74F818EA6F4A},3.479227521571625,0.2674423325667182,2187,294.2857494344739,295.4223623926569,294.6762195771012,295.3206864902336,294.84276096671147,295.98314386758784,295.52191645681836,294.1120325330384,294.4054591165174,296.1255048804288,295.1077103219142,295.75276859688046,295.4404929891949,295.51220401572454,294.6757095369402,295.47827589013355,295.35977440314326,294.97262765081786,295.5336033338902,294.72224317575603,295.588922909958,295.6256458769007,295.7453558181045,296.1739754673894,296.5785549558871,296.2542530694627,297.06737257145556,297.7210130242004,295.19768517743034,296.49690067548954
15070203,{B6FDB9D0-C85F-4D4C-B587-35E5EBF224C7},,,,2021-01-24 19:38:39,1053439.39,4263.12,AZ,San Cristobal Wash,{677CEE66-9FBA-40E2-8BB7-5589A05B91F0},3.9776338243725906,0.4086363284836084,2188,294.32600318556905,295.4465313659626,294.8416115762306,295.49402497713226,295.0352621379556,296.2652812170162,295.78735457065625,294.40721848757926,294.8052956891474,296.4610332209842,295.26652874913634,295.89507888078754,295.6592789040623,295.66070880455555,294.84131421564985,295.5685303210614,295.46636956586343,295.0963819129179,295.70230800824623,294.9324850869311,295.68572003371065,295.746344319094,295.8675632236112,296.389083396364,296.8297269376773,296.22324507653,296.9234270972662,297.3818877872726,295.21240425908377,296.453252802514
15030107,{B76D3BD6-0284-4214-B645-E164287FF0D9},{0798C084-7771-47E5-BD5C-F5CAF80EBC7A},3D Elevation Product 1/3 Arc-second 1 x 1 degree ArcGrid,U.S. Geological Survey,2021-06-16 09:16:54,986633.15,3992.77,"AZ,CA,MX",Lower Colorado,{9A7D2F2E-D524-4027-B705-26FE2CF44A78},5.604123320441334,0.3821129019435008,2189,294.8798110378426,295.7105186302939,294.8506401413919,295.4033627490462,295.61538081025446,296.96455593862004,296.4005734571908,294.7991558764439,293.4547907056194,295.4306136683912,295.21069869552576,295.522693481708,296.0662650932864,295.26176145444225,295.08233473830376,295.8590159506427,295.2660169858454,295.4712430471872,295.95026232113815,295.03848720093515,295.1503257404428,295.29798379605376,296.94954851752334,297.4243113641215,298.15202940943414,297.1430890397403,297.51288372176253,297.7515690212653,296.0933791195583,296.9420066797405
15030108,{24324B64-FD77-43DE-89D3-F8D0C56F89BD},{0798C084-7771-47E5-BD5C-F5CAF80EBC7A},3D Elevation Product 1/3 Arc-second 1 x 1 degree ArcGrid,U.S. Geological Survey,2021-06-16 09:16:55,1865828.66,7550.75,"AZ,MX",Yuma Desert,{6163B7D1-D3EF-4DB9-BDF4-C14F4E44A544},4.319207626234859,0.7218381148609633,2190,295.09011583827294,296.5792004381735,296.3125148729188,296.2876535669431,296.42567404118677,297.3913815599266,296.7781265853188,295.54655895119066,294.87141050779667,296.7559860166947,296.2608445918868,296.617664945414,297.11010327269463,296.2409695949226,296.1417028191148,296.92758239536676,296.3601241084702,296.13506349083696,296.5634106436716,295.63108836725803,295.5751511658726,295.74929175361393,297.0947911123922,297.65301194830215,298.32449379330154,296.87040069843044,297.0771967241965,297.481555770806,295.8885360216833,296.7562970660283
15080101,{B77E1DB5-25B6-4F2F-A386-3B14A9BD07F4},,,,2021-01-24 19:38:42,1854195.65,7503.67,"AZ,MX",San Simon Wash,{ED823197-4A5E-4F9F-9DED-F5F96EBEF3DA},5.694222826453122,0.7150659935985547,2191,292.57765532789705,293.21559406988297,292.9173350988978,293.553170489981,292.8826969892401,294.07247447353853,293.6402250795735,292.20056871614037,292.9182818786223,294.23692268471274,292.86462787585594,293.74271561281813,293.36741966721996,293.25699642344796,292.76229361995536,293.47698071687034,293.224789284623,292.73430886328737,293.5786242775097,292.48926529336416,293.0759819294295,292.7953438137073,293.2975669327195,293.85220632690994,294.1913337362163,294.13113078448634,295.0931342023109,295.5042445830526,293.35897348553743,294.6897260307737
15080103,{7B6A3FBF-E4F5-4B4E-9A5C-071AACE269D8},{0798C084-7771-47E5-BD5C-F5CAF80EBC7A},3D Elevation Product 1/3 Arc-second 1 x 1 degree ArcGrid,U.S. Geological Survey,2021-06-16 09:17:04,1408565.21,5700.27,"AZ,MX",Tule Desert,{215A19B5-04AD-474E-90E8-CFDFDDF09824},5.364248177655181,0.5435422915480977,2192,294.5990432454615,295.8636096077196,295.3299004508656,295.73572634682165,295.42005474703336,296.5400863405381,296.05285361210974,295.1629233511678,295.2145409550797,296.57776085026285,295.6746769747707,296.1108669196495,296.1650846805249,295.886257482636,295.3230294142217,295.7758445832573,295.53899291631075,295.37931046028774,296.01055550354727,295.10209463572045,295.3864247868189,295.5761314848577,296.3416672621011,297.13594701701004,297.6828671615882,296.2896825871313,296.73450577664937,297.2050718935407,295.3266245721129,296.22678502596955
15080301,{FA88BC30-8CB4-4940-8812-1BDE26F44925},{566E7651-2594-4C85-AE09-DB338B355F62},3D Elevation Product 1/3 Arc-second 1 x 1 degree ArcGrid,U.S. Geological Survey,2021-06-30 16:15:55,1703443.47,6893.6,"AZ,MX",Whitewater Draw,{40CE8C5A-D395-43AE-8512-F47BAC576EAA},5.373493167033314,0.652889739592749,2193,289.06255014706585,289.4037546159788,289.4407346336883,290.20161530093657,289.84405401911624,290.5032804655554,289.95255450768667,288.85123918347904,289.7042739649616,290.4199266630734,289.3272559289034,290.02187054016304,289.8987621594326,289.6260158703865,289.4153029241402,290.167433200661,289.2695825515044,289.3230133494012,289.6955676158875,288.3220675459352,289.16351393946593,289.5706354059784,290.24763259180156,290.7022081136948,291.230594698771,290.43370333528145,291.26510160007194,291.8056543611453,289.65956442565863,290.7603895006178
15040006,{57353EE7-534E-4E44-AA9A-23AB527C6E94},{10D413FE-EB50-475F-9E92-A010501156CA},,U.S. Geological Survey,2023-04-07 13:18:19,1440348.97,5828.89,"AZ,NM",San Simon,{5234FC40-C430-4D50-AA53-1C5366180669},5.180075196199615,0.5577331936920169,2194,288.1767215401737,288.4889478421445,288.85017076617595,289.4438948093768,289.04123227733726,289.99198712682835,289.3627074196286,288.375131796884,289.12045140721534,290.04493417911164,288.85600577974816,289.70581867963637,289.6168209652092,289.1847449638388,289.27028671860427,289.6401934432245,289.12278769412836,288.77474276579056,289.38458146754436,288.70803453555664,289.19046393580203,289.4303521676491,289.0960657501603,289.40145254969667,289.5605907871302,289.8700555141997,291.25185031293444,291.9159240401352,289.97684018231143,290.9622497276822
15010005,{45A7DC18-B315-49AE-A43E-FD36159E7C24},{0CFAAE4C-6AC7-4CEF-990A-90F0C7E4DA43},3D Elevation Product 1/3 Arc-second 1 x 1 degree ArcGrid,U.S. Geological Survey,2021-11-04 10:54:02,1851725.77,7493.67,"AZ,NV",Lake Mead,{5ED0DED0-869C-46D4-8D9F-791B113A3177},6.685213149629307,0.7498310648467154,2195,289.9328813271365,291.08971268628443,290.3661219657968,291.3609183479011,290.7548458136908,292.4298996241531,291.64353681714096,290.24427417551664,290.5873598608648,292.34018429397713,291.39760996947945,291.44327852945486,291.6911705367845,291.5611124968051,290.5663215175723,291.17022177400617,291.300356671311,290.7706956319853,291.35553409887564,290.49505935174966,290.49414538994125,291.243523324099,291.27562198797284,291.3100983701877,292.17174842307634,291.379535291406,292.29357877670617,292.8562400236467,290.9963468263142,291.8653378913112
15010003,{465950E6-588A-4AED-BDD9-1B244FBAA5BF},,,,2020-06-04 20:33:21,1512613.38,6121.33,"AZ,UT",Kanab,{4CBA4DBE-2C6F-48B1-B46B-F952E8F7CA59},4.286003032329281,0.6183664102588338,2196,283.1319867164841,284.05938702671295,283.3187410974211,284.2915432131938,283.2984364524717,284.6784353119719,283.8344184499537,282.96817963897416,283.2447666874884,285.0112508464623,283.8089478374809,284.1656575980767,284.31115701990353,283.84355589886667,283.3488125712625,283.95926389813735,284.1022079819917,283.221857424165,283.5723139817375,283.04863387309973,283.3971824005418,284.30945847510316,284.04933831930657,284.06928009282746,284.83602967306973,284.7267627558773,285.63849458277963,286.22154484748665,283.944518375824,285.21497065911694
15030104,{822120FA-0A87-4743-A2F5-38B0A1B8E6A1},{0798C084-7771-47E5-BD5C-F5CAF80EBC7A},3D Elevation Product 1/3 Arc-second 1 x 1 degree ArcGrid,U.S. Geological Survey,2021-06-16 09:16:59,2205235.04,8924.28,"AZ,CA",Imperial Reservoir,{6E58DD09-DB3E-4EBD-A3A6-91305B7B6D63},8.325248179102127,0.8667789097249806,2199,294.6410554177951,295.9822345761371,295.21783884015815,295.8308362058111,295.38856404774964,296.78631479504946,296.13916153144214,294.73835683628863,295.0154550872561,296.62299558067593,295.4006608835861,295.7359099956956,295.9539773665407,295.9718878821646,295.12846019485283,295.75396170009174,295.7211849717361,295.4098920654608,295.90598275052804,294.9428693903161,295.28673275804977,295.5871273931011,295.7978566990928,296.22745387684023,296.83515402185515,296.2898862914934,296.7579281742789,297.1324380074988,295.5932328085637,296.4954871283135
15080302,{CC61820E-2F90-4E9B-AE46-4C877CBC53FB},{89DDCE21-3E5F-4572-B605-616AB2051314},3D Elevation Product 1/3 Arc-second 1 x 1 degree ArcGrid,U.S. Geological Survey,2023-05-16 16:16:27,884833.46,3580.8,"AZ,MX,NM",San Bernardino Valley,{F3A6A303-34DC-4331-A1E3-5906A07DFDF7},3.454999723713979,0.3389526992217226,2200,288.81982173909415,288.95880790393795,289.01067583766724,289.8832599585348,289.3000639637721,289.76214369980306,289.7035184564801,288.62010277863016,289.42185478605523,289.73349258813164,289.9005946646906,290.57222048950473,290.6859657830218,290.66548148854656,290.58019959816824,291.8182743076139,289.7028213163677,290.4526662365436,290.0705006330534,288.6342215814417,289.3383076175857,290.02733979841685,290.8633723195875,291.27293521575405,291.83036890435545,290.80177815355245,291.7818940698527,292.1895403172078,290.16988459871806,290.9925440859662
15070101,{A3B0E93C-D484-4FD2-BD86-18FB13FF24A9},{DD26948D-F372-4CCE-A4A3-C5F435A92CB7},,U.S. Geological Survey,2023-03-14 16:55:00,1290430.81,5222.19,AZ,Lower Gila-Painted Rock Reservoir,{1BD020D7-BC1C-4A71-B0A4-B4A7FB76A741},4.7516930485694715,0.5040494087876235,2204,294.3281434895748,295.3838056822686,294.5131438961708,295.1036380938635,294.8657402512747,295.87225002252785,295.59024297321866,294.1144019152038,294.2449237680735,295.7273761263017,294.8603960066898,295.3231263361566,295.23619573001633,295.7125975800966,294.8854159089906,295.4957277622956,295.4276191390223,295.2962199779311,295.8688603262837,294.8928847405225,295.3617147071488,295.5815501608825,295.6470276374014,296.06263663275286,296.5752713863937,296.1514348774704,297.2021892872473,297.8581441276786,295.41382714632454,296.6487139218414
